{
  "id": "mn6l7m6x-2qqqlhbjspa",
  "position": {
    "x": -1336.3702991201087,
    "y": 302.0923520062217,
    "r": 10.595368943831794
  },
  "velocity": {
    "vx": 0,
    "vy": 0,
    "vr": 0
  },
  "mass": {
    "cx": 0,
    "cy": 0,
    "total": 0
  }
}